,treated,age,educ,black,married,nodegree,re74,re75,re78,hisp,age2,age3,educ2,re742,re752
1,1,33,12,0,1,0,0.0,0.0,12418.0703125,0,1089,35937,144,0.0,0.0
2,1,20,12,0,1,0,8644.15625,8644.15625,11656.505859375,0,400,8000,144,74721440.0,74721440.0
3,0,39,12,1,1,0,19785.3203125,6608.13720703125,499.257202148438,0,1521,59319,144,391458912.0,43667476.0
4,1,49,8,0,1,1,9714.5966796875,7285.94775390625,16717.12109375,0,2401,117649,64,94373392.0,53085036.0
5,0,26,8,0,1,1,37211.7578125,36941.265625,30247.5,0,676,17576,64,1384714880.0,1364657152.0
6,0,38,10,1,1,1,14759.0634765625,14701.947265625,4393.52294921875,0,1444,54872,100,217829952.0,216147248.0
7,0,28,12,0,0,0,0.0,803.343017578125,16477.01953125,0,784,21952,144,0.0,645360.0
8,0,27,12,1,1,0,0.0,752.3900756835941,0.0,0,729,19683,144,0.0,566090.8125
9,1,33,12,1,1,0,20279.94921875,10941.349609375,15952.599609375,0,1089,35937,144,411276352.0,119713128.0
10,0,44,9,1,1,1,12260.7802734375,10857.240234375,12359.3095703125,0,1936,85184,81,150326736.0,117879664.0
11,0,28,10,0,1,1,5440.818359375,6346.19287109375,6793.0771484375,0,784,21952,100,29602504.0,40274164.0
12,0,31,12,0,0,0,0.0,494.643005371094,0.0,0,961,29791,144,0.0,244671.703125
13,0,24,12,0,1,0,28262.130859375,24294.74609375,665.7374267578119,0,576,13824,144,798748032.0,590234688.0
14,0,29,12,0,0,0,12116.611328125,12205.142578125,16328.9638671875,0,841,24389,144,146812272.0,148965504.0
15,0,20,11,0,1,1,7254.419921875,8159.5068359375,6336.78271484375,0,400,8000,121,52626608.0,66577552.0
16,0,22,10,0,1,1,25720.919921875,23031.98046875,5448.80078125,0,484,10648,100,661565696.0,530472128.0
17,1,35,9,1,1,1,13602.4296875,13830.6396484375,12803.9697265625,0,1225,42875,81,185026096.0,191286592.0
18,1,42,9,1,1,1,0.0,3058.53100585938,1294.40905761719,0,1764,74088,81,0.0,9354612.0
19,1,21,13,0,0,0,9978.7509765625,8616.8525390625,99.5700149536133,0,441,9261,169,99575472.0,74250144.0
20,1,23,12,0,0,0,5204.259765625,3903.19482421875,796.559692382812,0,529,12167,144,27084320.0,15234930.0
21,0,18,12,0,0,0,735.205078125,735.205078125,2502.52587890625,0,324,5832,144,540526.5,540526.5
22,1,22,12,0,0,0,6759.994140625,8455.50390625,12590.7099609375,0,484,10648,144,45697520.0,71495544.0
23,0,20,12,0,0,0,4139.75341796875,3104.81518554688,12573.9658203125,0,400,8000,144,17137558.0,9639877.0
24,0,22,12,1,1,0,9420.671875,9352.19921875,8072.181640625,0,484,10648,144,88749056.0,87463632.0
25,0,35,11,1,1,1,7096.7158203125,8720.9052734375,0.0,0,1225,42875,121,50363376.0,76054192.0
26,1,27,13,0,1,0,9381.56640625,853.7224731445309,0.0,0,729,19683,169,88013792.0,728842.0625
27,0,41,12,1,0,0,10707.1611328125,9818.466796875,0.0,0,1681,68921,144,114643296.0,96402288.0
28,0,30,11,1,1,1,0.0,9311.9384765625,3982.80102539062,0,900,27000,121,0.0,86712200.0
29,1,22,12,0,1,0,492.23049926757795,7055.7021484375,10092.830078125,1,484,10648,144,242290.859375,49782932.0
30,1,27,12,1,1,0,10408.515625,7806.38671875,2777.58520507812,0,729,19683,144,108337200.0,60939672.0
31,1,42,14,1,1,0,0.0,0.0,13167.51953125,0,1764,74088,196,0.0,0.0
32,0,27,10,1,1,1,13542.26953125,11280.7109375,0.0,0,729,19683,100,183393072.0,127254440.0
33,1,41,14,0,0,0,0.0,0.0,5149.5009765625,0,1681,68921,196,0.0,0.0
34,0,50,8,1,1,1,7506.73388671875,5630.05029296875,8997.193359375,0,2500,125000,64,56351052.0,31697466.0
35,1,26,10,1,1,1,9773.953125,8141.703125,4635.66015625,0,676,17576,100,95530160.0,66287328.0
36,0,25,10,1,1,1,12428.1220703125,11696.3720703125,11127.2802734375,0,625,15625,100,154458224.0,136805120.0
37,1,35,8,1,1,1,13732.0703125,17976.150390625,3786.6279296875,0,1225,42875,64,188569760.0,323141984.0
38,0,25,9,1,1,1,24731.619140625,16946.630859375,7343.9638671875,0,625,15625,81,611652992.0,287188288.0
39,1,33,11,1,1,1,14660.7099609375,25142.240234375,4181.94189453125,0,1089,35937,121,214936416.0,632132224.0
40,0,28,12,1,1,0,0.0,0.0,0.0,0,784,21952,144,0.0,0.0
41,0,27,11,1,1,1,20249.224609375,20035.255859375,9074.763671875,0,729,19683,121,410031104.0,401411488.0
42,1,46,8,1,1,1,0.0,0.0,3094.15600585938,0,2116,97336,64,0.0,0.0
43,0,30,14,1,1,0,0.0,0.0,7344.67822265625,0,900,27000,196,0.0,0.0
44,1,19,10,0,0,1,0.0,5324.10888671875,13829.6201171875,0,361,6859,100,0.0,28346136.0
45,0,34,13,1,1,0,0.0,0.0,5193.2470703125,0,1156,39304,169,0.0,0.0
46,1,26,11,0,0,1,0.0,2226.26611328125,13385.8603515625,0,676,17576,121,0.0,4956261.0
47,0,30,11,1,1,1,24286.5078125,24105.38671875,7263.02490234375,0,900,27000,121,589834432.0,581069696.0
48,0,36,12,1,0,0,0.0,142.39729309082,0.0,0,1296,46656,144,0.0,20276.98828125
49,1,45,5,1,1,1,0.0,0.0,8546.71484375,0,2025,91125,25,0.0,0.0
50,1,23,10,1,1,1,0.0,936.438598632812,11233.259765625,0,529,12167,100,0.0,876917.25
51,0,39,12,1,1,0,0.0,0.0,3795.79907226562,0,1521,59319,144,0.0,0.0
52,0,23,9,1,1,1,19047.07421875,19289.8515625,7600.1044921875,0,529,12167,81,362791040.0,372098368.0
53,0,27,11,1,1,1,0.0,4491.8837890625,0.0,0,729,19683,121,0.0,20177020.0
54,1,38,12,0,0,0,0.0,0.0,4941.84912109375,0,1444,54872,144,0.0,0.0
55,0,24,11,0,0,1,2669.72509765625,1468.3830566406198,10361.6904296875,0,576,13824,121,7127432.0,2156148.75
56,1,26,11,1,1,1,0.0,1392.85302734375,1460.35998535156,0,676,17576,121,0.0,1940039.5
57,1,29,14,1,0,0,0.0,679.673400878906,17814.98046875,0,841,24389,196,0.0,461955.9375
58,1,27,11,1,1,1,2336.11401367188,2142.21655273438,2186.18920898438,0,729,19683,121,5457428.5,4589092.0
59,0,55,3,1,0,1,0.0,0.0,5843.7958984375,0,3025,166375,9,0.0,0.0
60,0,20,11,0,0,1,1413.1066894531198,1177.11791992188,8743.0703125,0,400,8000,121,1996870.5,1385606.625
61,0,54,11,1,0,1,0.0,0.0,7812.52197265625,0,2916,157464,121,0.0,0.0
62,0,36,12,0,0,0,13661.177734375,11491.9521484375,4978.50048828125,1,1296,46656,144,186627776.0,132064968.0
63,0,23,10,1,1,1,0.0,0.0,0.0,0,529,12167,100,0.0,0.0
64,0,28,11,0,0,1,2787.76123046875,3200.91186523438,7645.0546875,0,784,21952,121,7771612.5,10245837.0
65,0,32,12,0,1,0,0.0,0.0,6735.31982421875,1,1024,32768,144,0.0,0.0
66,0,32,12,1,0,0,13283.171875,12419.1845703125,10673.697265625,0,1024,32768,144,176442656.0,154236144.0
67,0,18,9,0,0,1,0.0,559.596008300781,7300.498046875,0,324,5832,81,0.0,313147.6875
68,1,26,11,0,0,1,22893.87109375,22959.76171875,2746.61401367188,0,676,17576,121,524129344.0,527150656.0
69,1,28,11,1,1,1,6702.451171875,6952.57958984375,7318.18603515625,0,784,21952,121,44922852.0,48338364.0
70,0,28,11,1,1,1,824.388916015625,10033.91015625,0.0,0,784,21952,121,679617.0625,100679352.0
71,1,26,12,1,0,0,8811.7373046875,6608.80322265625,5811.76513671875,0,676,17576,144,77646712.0,43676280.0
72,0,31,13,1,0,0,10255.5361328125,10393.61328125,7404.76220703125,0,961,29791,169,105176024.0,108027200.0
73,0,28,9,1,1,1,10222.41015625,9210.447265625,1239.84399414062,0,784,21952,81,104497672.0,84832336.0
74,1,24,12,1,0,0,11972.125,12982.3408203125,0.0,0,576,13824,144,143331776.0,168541168.0
75,1,46,13,1,0,0,0.0,0.0,647.20458984375,0,2116,97336,169,0.0,0.0
76,1,18,10,1,1,1,785.0590209960941,1958.09631347656,10989.927734375,0,324,5832,100,616317.6875,3834141.25
77,0,26,11,1,1,1,0.0,4184.73193359375,0.0,0,676,17576,121,0.0,17511982.0
78,1,26,11,1,1,1,0.0,2754.64599609375,26372.279296875,0,676,17576,121,0.0,7588074.5
79,0,22,12,1,0,0,4380.01708984375,2003.68005371094,439.688110351562,0,484,10648,144,19184550.0,4014733.75
80,1,41,9,1,1,1,7864.9072265625,7212.1201171875,3154.71997070312,0,1681,68921,81,61856764.0,52014676.0
81,0,22,10,0,0,1,27864.359375,10598.669921875,7094.919921875,0,484,10648,100,776422528.0,112331808.0
82,0,19,10,0,0,1,0.0,0.0,3194.01000976562,0,361,6859,100,0.0,0.0
83,0,25,11,1,1,1,2336.11401367188,3266.40576171875,479.267700195312,0,625,15625,121,5457428.5,10669407.0
84,0,29,13,1,0,0,718.2492065429691,2265.5791015625,2725.32202148438,0,841,24389,169,515881.9375,5132848.5
85,0,21,9,0,0,1,2988.412109375,1577.1669921875,1740.1989746093802,0,441,9261,81,8930607.0,2487455.75
86,1,24,11,1,1,1,824.3886108398441,1666.1130371093802,4032.7080078125,0,576,13824,121,679616.5625,2775932.75
87,1,29,12,1,0,0,9748.38671875,4878.93701171875,10976.509765625,0,841,24389,144,95031040.0,23804026.0
88,0,29,12,1,0,0,0.0,1359.34655761719,132.759994506836,0,841,24389,144,0.0,1847823.125
89,1,19,8,0,0,1,4101.92919921875,3416.90698242188,9251.3564453125,0,361,6859,64,16825824.0,11675253.0
90,0,25,9,1,1,1,0.0,0.0,4715.37109375,0,625,15625,81,0.0,0.0
91,1,31,9,1,0,1,0.0,1698.60705566406,10363.26953125,0,961,29791,81,0.0,2885266.0
92,0,28,13,1,0,0,0.0,0.0,0.0,0,784,21952,169,0.0,0.0
93,1,21,11,1,1,1,3523.63696289062,4167.998046875,11300.23828125,0,441,9261,121,12416017.0,17372208.0
94,0,21,10,1,1,1,1946.7609863281202,1785.17980957031,6831.10546875,0,441,9261,100,3789878.25,3186867.0
95,0,27,12,0,0,0,0.0,0.0,14792.900390625,0,729,19683,144,0.0,0.0
96,1,27,12,1,0,0,1971.3103027343798,4310.455078125,0.0,0,729,19683,144,3886064.25,18580022.0
97,0,26,12,0,0,0,0.0,0.0,12383.6796875,0,676,17576,144,0.0,0.0
98,1,31,13,0,0,0,5996.01904296875,5498.349609375,2329.86645507812,0,961,29791,169,35952244.0,30231848.0
99,1,24,15,1,0,0,12813.505859375,13008.4970703125,14683.62890625,0,576,13824,225,164185936.0,169220992.0
100,1,23,8,0,1,1,0.0,1713.15002441406,4232.30908203125,0,529,12167,64,0.0,2934883.0
101,0,28,12,1,1,0,10585.1298828125,5551.4560546875,12780.01953125,0,784,21952,144,112044976.0,30818664.0
102,1,31,12,0,0,0,0.0,2611.21801757812,2484.54907226562,0,961,29791,144,0.0,6818459.5
103,1,26,12,1,0,0,1051.25085449219,1088.90698242188,11460.5634765625,0,676,17576,144,1105128.375,1185718.375
104,1,25,13,1,0,0,12362.9296875,3090.73193359375,0.0,0,625,15625,169,152842032.0,9552624.0
105,0,26,14,1,1,0,2025.56628417969,2025.56628417969,0.0,0,676,17576,196,4102918.75,4102918.75
106,0,33,9,0,1,1,0.0,0.0,0.0,1,1089,35937,81,0.0,0.0
107,1,24,12,0,1,0,7864.89697265625,7212.1103515625,6485.50830078125,1,576,13824,144,61856604.0,52014536.0
108,0,21,14,1,0,0,6463.24365234375,5926.79443359375,29408.037109375,0,441,9261,196,41773520.0,35126892.0
109,1,26,12,1,1,0,8408.76171875,5794.8310546875,1424.94396972656,0,676,17576,144,70707272.0,33580068.0
110,0,24,12,1,0,0,0.0,159.884704589844,0.0,0,576,13824,144,0.0,25563.119140625
111,0,24,12,1,0,0,4739.03076171875,8100.533203125,11235.10546875,0,576,13824,144,22458412.0,65618640.0
112,1,25,12,0,0,0,0.0,0.0,5587.5029296875,0,625,15625,144,0.0,0.0
113,1,42,14,1,0,0,0.0,0.0,20505.9296875,0,1764,74088,196,0.0,0.0
114,1,18,12,1,0,0,562.657043457031,562.657043457031,0.0,0,324,5832,144,316582.9375,316582.9375
115,0,25,12,1,1,0,0.0,0.0,0.0,0,625,15625,144,0.0,0.0
116,1,21,12,1,0,0,6473.68310546875,3332.40893554688,9371.037109375,0,441,9261,144,41908572.0,11104949.0
117,0,20,12,1,0,0,7182.4921875,6004.72802734375,4779.72021484375,0,400,8000,144,51588196.0,36056760.0
118,1,20,12,1,0,0,0.0,0.0,0.0,0,400,8000,144,0.0,0.0
119,0,20,12,1,0,0,557.698791503906,1371.47302246094,20893.109375,0,400,8000,144,311027.9375,1880938.25
120,0,19,11,0,1,1,308.21923828125,308.21923828125,0.0,1,361,6859,121,94999.1015625,94999.1015625
121,1,23,12,1,1,0,0.0,0.0,5911.55078125,0,529,12167,144,0.0,0.0
122,0,26,12,1,1,0,0.0,0.0,6191.94287109375,0,676,17576,144,0.0,0.0
123,1,31,11,1,1,1,0.0,0.0,14509.9296875,0,961,29791,121,0.0,0.0
124,0,27,13,0,0,0,5214.30615234375,474.501800537109,4812.576171875,0,729,19683,169,27188988.0,225151.953125
125,1,41,4,1,1,1,0.0,0.0,7284.98583984375,0,1681,68921,16,0.0,0.0
126,0,27,12,0,0,0,6044.951171875,5035.4443359375,0.0,0,729,19683,144,36541436.0,25355700.0
127,0,26,13,0,0,0,6476.73291015625,5395.11865234375,9766.2001953125,0,676,17576,169,41948068.0,29107306.0
128,0,39,11,1,0,1,0.0,83.68963623046879,0.0,0,1521,59319,121,0.0,7003.955078125
129,1,30,11,1,1,1,0.0,0.0,590.781799316406,0,900,27000,121,0.0,0.0
130,0,28,12,1,1,0,31634.794921875,29009.107421875,10067.4345703125,0,784,21952,144,1000760256.0,841528320.0
131,1,21,12,0,0,0,0.0,0.0,8048.60302734375,0,441,9261,144,0.0,0.0
132,1,23,12,0,0,0,9385.740234375,1117.43896484375,559.443176269531,1,529,12167,144,88092120.0,1248669.875
133,1,27,12,1,1,0,3670.8720703125,334.049285888672,0.0,0,729,19683,144,13475302.0,111588.921875
134,0,24,12,0,0,0,0.0,0.0,11294.6298828125,0,576,13824,144,0.0,0.0
135,1,25,14,1,1,0,35040.0703125,11536.5703125,36646.94921875,0,625,15625,196,1227806464.0,133092456.0
136,0,21,12,0,0,0,7254.419921875,5440.81494140625,11544.0087890625,0,441,9261,144,52626608.0,29602468.0
137,1,21,12,0,0,0,8059.57958984375,7390.63427734375,3557.93432617188,0,441,9261,144,64956824.0,54621476.0
138,1,21,12,0,0,0,3670.8720703125,334.049407958984,12558.01953125,0,441,9261,144,13475302.0,111589.0078125
139,1,38,11,1,0,1,0.0,0.0,0.0,0,1444,54872,121,0.0,0.0
140,1,40,12,1,0,0,0.0,0.0,10804.3203125,0,1600,64000,144,0.0,0.0
141,1,41,9,1,1,1,6307.50390625,5783.9814453125,0.0,0,1681,68921,81,39784604.0,33454442.0
142,0,28,10,1,1,1,8293.3447265625,6449.47998046875,16988.1796875,0,784,21952,100,68779568.0,41595792.0
143,1,42,12,1,0,0,0.0,0.0,2456.15307617188,0,1764,74088,144,0.0,0.0
144,1,27,8,1,0,1,6150.48291015625,7218.27734375,7976.931640625,0,729,19683,64,37828440.0,52103528.0
145,1,23,12,1,1,0,15979.0126953125,15079.947265625,10283.48828125,0,529,12167,144,255328848.0,227404816.0
146,1,48,4,1,0,1,0.0,0.0,6551.591796875,0,2304,110592,16,0.0,0.0
147,1,29,10,0,0,1,0.0,8853.673828125,5112.01416015625,1,841,24389,100,0.0,78387544.0
148,0,27,7,1,1,1,0.0,0.0,0.0,0,729,19683,49,0.0,0.0
149,1,44,11,1,0,1,0.0,0.0,0.0,0,1936,85184,121,0.0,0.0
150,0,26,8,1,1,1,3854.58520507812,4084.25805664062,0.0,0,676,17576,64,14857827.0,16681164.0
151,1,37,11,1,1,1,0.0,0.0,9930.0458984375,0,1369,50653,121,0.0,0.0
152,1,31,9,1,0,1,10717.0302734375,5517.8408203125,9558.5009765625,0,961,29791,81,114854736.0,30446568.0
153,0,36,11,1,0,1,5519.66943359375,7311.5615234375,0.0,0,1296,46656,121,30466750.0,53458932.0
154,0,22,7,1,0,1,13503.76953125,13503.76953125,11607.0849609375,0,484,10648,49,182351792.0,182351792.0
155,0,50,10,0,0,1,0.0,0.0,0.0,1,2500,125000,100,0.0,0.0
156,1,29,11,1,1,1,0.0,0.0,9642.9990234375,0,841,24389,121,0.0,0.0
157,1,38,9,0,0,1,0.0,0.0,6408.9501953125,0,1444,54872,81,0.0,0.0
158,0,28,11,1,0,1,17491.44921875,13371.25,0.0,0,784,21952,121,305950784.0,178790320.0
159,0,36,11,0,0,1,5443.73388671875,3063.8779296875,1324.5419921875,1,1296,46656,121,29634238.0,9387348.0
160,0,22,11,1,1,1,0.0,0.0,1698.3039550781198,0,484,10648,121,0.0,0.0
161,1,33,11,1,0,1,0.0,7867.916015625,6281.43310546875,0,1089,35937,121,0.0,61904104.0
162,1,31,4,1,0,1,8517.5888671875,4023.2109375,7382.548828125,0,961,29791,16,72549320.0,16186226.0
163,1,37,9,1,0,1,0.0,0.0,1067.50598144531,0,1369,50653,81,0.0,0.0
164,0,29,11,1,1,1,0.0,0.0,10225.8798828125,0,841,24389,121,0.0,0.0
165,0,34,12,1,0,0,4906.619140625,4087.2138671875,5670.8193359375,0,1156,39304,144,24074912.0,16705317.0
166,0,45,9,1,0,1,0.0,0.0,4844.80322265625,0,2025,91125,81,0.0,0.0
167,0,31,11,1,0,1,19555.31640625,18291.412109375,0.0,0,961,29791,121,382410400.0,334575744.0
168,0,31,11,1,0,1,8419.75,7505.21337890625,308.335235595703,0,961,29791,121,70892192.0,56328228.0
169,1,19,9,0,0,1,3083.6689453125,3276.150390625,14271.2353515625,1,361,6859,81,9509014.0,10733161.0
170,0,33,12,1,0,0,0.0,0.0,5970.2568359375,0,1089,35937,144,0.0,0.0
171,1,17,10,1,0,1,1291.46801757812,5793.85205078125,5522.7880859375,0,289,4913,100,1667889.625,33568720.0
172,1,25,11,1,1,1,0.0,0.0,1574.42395019531,0,625,15625,121,0.0,0.0
173,0,22,11,1,0,1,1167.01538085938,875.2615356445309,9139.65234375,0,484,10648,121,1361924.875,766082.75
174,1,22,11,1,0,1,8176.39208984375,7497.75146484375,668.74658203125,0,484,10648,121,66853388.0,56216276.0
175,0,19,8,0,0,1,1087.80322265625,1087.80322265625,2987.10083007812,1,361,6859,64,1183315.875,1183315.875
176,1,22,11,1,0,1,12300.9228515625,12170.943359375,8408.392578125,0,484,10648,121,151312704.0,148131856.0
177,0,25,10,1,1,1,0.0,0.0,3701.81201171875,0,625,15625,100,0.0,0.0
178,0,25,10,1,1,1,13519.9697265625,9319.4443359375,0.0,0,625,15625,100,182789584.0,86852040.0
179,0,43,10,1,0,1,2502.86791992188,4128.44287109375,7565.27294921875,0,1849,79507,100,6264348.0,17044040.0
180,0,34,11,1,1,1,0.0,0.0,6040.3349609375,0,1156,39304,121,0.0,0.0
181,1,46,8,1,0,1,3165.65795898438,2594.72290039062,0.0,0,2116,97336,64,10021390.0,6732587.0
182,0,21,11,1,1,1,9659.4150390625,7244.56103515625,8976.826171875,0,441,9261,121,93304296.0,52483664.0
183,0,22,9,1,0,1,0.0,506.407592773438,604.19873046875,0,484,10648,81,0.0,256448.65625
184,0,34,10,1,1,1,0.0,0.0,0.0,0,1156,39304,100,0.0,0.0
185,1,29,10,1,0,1,0.0,4398.9501953125,0.0,0,841,24389,100,0.0,19350762.0
186,1,28,11,1,0,1,1929.0290527343798,6871.85595703125,0.0,0,784,21952,121,3721153.0,47222404.0
187,1,28,11,1,0,1,0.0,1284.07897949219,60307.9296875,0,784,21952,121,0.0,1648858.875
188,1,28,10,1,0,1,0.0,2836.50610351562,3196.57104492188,0,784,21952,100,0.0,8045767.0
189,0,45,11,1,0,1,0.0,0.0,11796.4697265625,0,2025,91125,121,0.0,0.0
190,0,27,11,1,0,1,0.0,0.0,11197.33984375,0,729,19683,121,0.0,0.0
191,1,27,11,1,0,1,3311.802734375,2483.85205078125,0.0,0,729,19683,121,10968037.0,6169521.0
192,0,26,12,1,0,0,9247.1015625,8479.5927734375,10820.552734375,0,676,17576,144,85508888.0,71903496.0
193,1,27,10,1,0,1,3504.16821289062,3213.322265625,2094.11889648438,0,729,19683,100,12279195.0,10325440.0
194,1,29,4,1,0,1,0.0,0.0,762.9146118164059,0,841,24389,16,0.0,0.0
195,1,25,11,1,0,1,0.0,0.0,9897.048828125,0,625,15625,121,0.0,0.0
196,0,18,7,1,0,1,0.0,0.0,4132.5771484375,0,324,5832,49,0.0,0.0
197,1,23,12,1,0,0,9342.1875,7782.0419921875,14416.8359375,0,529,12167,144,87276464.0,60560176.0
198,1,23,12,1,0,0,5506.30810546875,501.074096679688,671.331787109375,0,529,12167,144,30319428.0,251075.25
199,0,34,12,1,0,0,0.0,0.0,2113.72192382812,0,1156,39304,144,0.0,0.0
200,1,24,11,1,0,1,9344.451171875,9180.919921875,0.0,0,576,13824,121,87318768.0,84289288.0
201,0,24,11,1,0,1,0.0,1327.99304199219,9495.90234375,0,576,13824,121,0.0,1763565.5
202,0,30,12,1,0,0,0.0,0.0,13613.349609375,0,900,27000,144,0.0,0.0
203,0,26,8,1,0,1,1126.2900390625,5562.59814453125,3523.57788085938,0,676,17576,64,1268529.25,30942498.0
204,1,21,12,1,0,0,473.114196777344,807.9511108398441,4350.9072265625,0,441,9261,144,223837.046875,652785.0
205,0,23,11,1,0,1,0.0,0.0,4350.9072265625,0,529,12167,121,0.0,0.0
206,0,23,11,1,0,1,7617.36181640625,5716.4072265625,10274.83984375,0,529,12167,121,58024200.0,32677312.0
207,1,25,9,1,0,1,1419.34362792969,1536.5029296875,1709.34240722656,0,625,15625,81,2014536.375,2360841.25
208,1,24,10,1,0,1,4250.40185546875,2421.94702148438,1660.5080566406198,0,576,13824,100,18065916.0,5865827.5
209,1,31,11,1,1,1,0.0,0.0,8087.48681640625,0,961,29791,121,0.0,0.0
210,1,18,11,1,0,1,0.0,0.0,4814.626953125,0,324,5832,121,0.0,0.0
211,0,18,11,1,0,1,0.0,0.0,11303.1396484375,0,324,5832,121,0.0,0.0
212,0,18,11,1,0,1,788.523315429688,2041.3630371093798,796.5590209960941,0,324,5832,121,621769.0,4167163.0
213,0,18,11,1,0,1,8784.2373046875,8784.2373046875,1824.37658691406,0,324,5832,121,77162824.0,77162824.0
214,0,17,10,1,0,1,0.0,0.0,2657.705078125,0,289,4913,100,0.0,0.0
215,0,25,11,1,1,1,0.0,0.0,44.7554588317871,0,625,15625,121,0.0,0.0
216,0,19,11,1,0,1,3504.01391601562,3285.67993164062,11195.9296875,0,361,6859,121,12278114.0,10795693.0
217,0,19,11,1,0,1,6337.4921875,4503.06396484375,0.0,0,361,6859,121,40163808.0,20277586.0
218,0,19,11,1,0,1,1868.02136230469,1868.02136230469,0.0,0,361,6859,121,3489503.75,3489503.75
219,0,19,11,1,0,1,5217.3173828125,5160.2587890625,0.0,0,361,6859,121,27220400.0,26628270.0
220,1,19,11,1,0,1,2305.02587890625,2615.27587890625,4146.60302734375,0,361,6859,121,5313144.5,6839668.0
221,1,19,11,1,0,1,9856.537109375,10224.375,11293.8095703125,0,361,6859,121,97151320.0,104537848.0
222,0,19,11,1,0,1,946.2277221679692,1615.90100097656,8823.0595703125,0,361,6859,121,895346.875,2611136.0
223,0,19,11,1,0,1,393.859802246094,393.859802246094,2481.51831054688,0,361,6859,121,155125.546875,155125.546875
224,1,21,11,1,0,1,2956.96557617188,2217.72436523438,4082.36987304688,0,441,9261,121,8743645.0,4918301.5
225,0,20,11,1,0,1,7964.08642578125,8012.08544921875,18155.83203125,0,400,8000,121,63426672.0,64193512.0
226,0,20,11,1,0,1,2569.724609375,2531.31103515625,0.0,0,400,8000,121,6603484.5,6407535.5
227,0,20,11,1,0,1,7967.20947265625,7967.20947265625,0.0,0,400,8000,121,63476428.0,63476428.0
228,0,20,11,1,0,1,1650.4609375,1650.4609375,278.87506103515597,0,400,8000,121,2724021.25,2724021.25
229,0,20,11,1,0,1,1168.05676269531,1633.2023925781198,1310.7265625,0,400,8000,121,1364356.625,2667350.0
230,1,20,11,1,0,1,3637.498046875,1220.83605957031,1085.43994140625,0,400,8000,121,13231392.0,1490440.625
231,0,24,9,1,0,1,2621.84252929688,4118.6806640625,597.419982910156,0,576,13824,81,6874058.0,16963530.0
232,0,30,9,0,0,1,3426.29956054688,3141.91674804688,1320.92248535156,0,900,27000,81,11739529.0,9871641.0
233,0,31,10,1,1,1,0.0,0.0,0.0,0,961,29791,100,0.0,0.0
234,0,18,10,1,0,1,678.130187988281,2456.994140625,13674.74609375,0,324,5832,100,459860.5625,6036820.0
235,0,18,10,1,0,1,0.0,273.552490234375,5514.365234375,0,324,5832,100,0.0,74830.96875
236,1,18,10,1,0,1,2143.41088867188,1784.27404785156,11141.3896484375,0,324,5832,100,4594210.0,3183634.0
237,0,28,11,0,1,1,3472.94799804688,0.0,6771.6220703125,1,784,21952,121,12061368.0,0.0
238,1,17,9,1,0,1,0.0,0.0,0.0,0,289,4913,81,0.0,0.0
239,1,17,9,1,0,1,375.1047058105471,375.1047058105471,3621.70703125,0,289,4913,81,140703.546875,140703.546875
240,1,17,9,1,0,1,1716.5090332031198,1253.43896484375,5445.2001953125,0,289,4913,81,2946403.25,1571109.25
241,0,25,10,1,1,1,0.0,0.0,0.0,0,625,15625,100,0.0,0.0
242,0,44,11,1,0,1,0.0,0.0,0.0,0,1936,85184,121,0.0,0.0
243,0,22,10,1,0,1,0.0,2174.955078125,5344.02099609375,0,484,10648,100,0.0,4730429.5
244,1,19,10,1,0,1,2959.07666015625,3213.11279296875,2975.03149414062,0,361,6859,100,8756135.0,10324094.0
245,1,19,10,1,0,1,4121.94921875,6056.75390625,0.0,0,361,6859,100,16990466.0,36684268.0
246,0,21,10,1,0,1,6661.06298828125,1162.36206054688,39483.53125,0,441,9261,100,44369760.0,1351085.5
247,0,29,12,1,0,0,22859.439453125,2080.208984375,16969.94921875,0,841,24389,144,522553984.0,4327269.5
248,1,29,12,1,0,0,10881.9404296875,1817.28405761719,0.0,0,841,24389,144,118416624.0,3302521.25
249,0,20,10,1,0,1,825.2301635742191,825.2301635742191,0.0,0,400,8000,100,681004.8125,681004.8125
250,1,20,10,1,0,1,11073.0888671875,11073.0888671875,0.0,0,400,8000,100,122613296.0,122613296.0
251,0,20,10,1,0,1,3114.81713867188,2856.28735351562,18347.255859375,0,400,8000,100,9702086.0,8158377.5
252,0,20,10,1,0,1,3666.63623046875,2749.97705078125,6867.74072265625,0,400,8000,100,13444221.0,7562374.0
253,0,20,10,1,0,1,0.0,0.0,8598.5224609375,0,400,8000,100,0.0,0.0
254,0,18,9,1,0,1,0.0,0.0,0.0,0,324,5832,81,0.0,0.0
255,0,18,9,1,0,1,2138.09399414062,2138.09399414062,5767.70458984375,0,324,5832,81,4571446.0,4571446.0
256,1,17,8,1,0,1,0.0,0.0,0.0,0,289,4913,64,0.0,0.0
257,1,17,8,1,0,1,0.0,0.0,0.0,0,289,4913,64,0.0,0.0
258,0,26,10,1,1,1,6140.3671875,558.773376464844,0.0,0,676,17576,100,37704108.0,312227.6875
259,1,26,10,1,1,1,2027.9990234375,0.0,0.0,0,676,17576,100,4112780.0,0.0
260,1,22,9,1,0,1,2192.876953125,3836.98608398438,3462.56396484375,0,484,10648,81,4808709.5,14722462.0
261,0,19,9,1,0,1,8409.626953125,1778.08898925781,7171.0,0,361,6859,81,70721824.0,3161600.5
262,0,21,9,1,0,1,31886.4296875,12357.2197265625,0.0,0,441,9261,81,1016744384.0,152700880.0
263,0,20,9,1,0,1,7688.107421875,9164.44921875,8924.3955078125,0,400,8000,81,59106996.0,83987128.0
264,0,20,9,1,0,1,9718.20703125,9691.033203125,8562.603515625,0,400,8000,81,94443544.0,93916128.0
265,0,31,4,0,0,1,11680.564453125,10711.0771484375,0.0,0,961,29791,16,136435584.0,114727176.0
266,0,44,9,1,0,1,0.0,0.0,9722.0029296875,0,1936,85184,81,0.0,0.0
267,0,18,7,0,1,1,3059.47412109375,2672.2021484375,6330.8876953125,1,324,5832,49,9360382.0,7140664.5
268,1,19,8,1,0,1,2636.35302734375,2937.26391601562,7535.94189453125,0,361,6859,64,6950357.5,8627519.0
269,1,21,8,1,0,1,989.267822265625,3695.89697265625,4279.61279296875,0,441,9261,64,978650.8125,13659654.0
270,0,19,10,1,1,1,0.0,0.0,12797.669921875,0,361,6859,100,0.0,0.0
271,0,17,10,0,0,1,1203.60900878906,1239.62805175781,5088.98583984375,1,289,4913,100,1448674.625,1536677.75
272,0,19,9,1,1,1,0.0,0.0,16658.25,0,361,6859,81,0.0,0.0
273,0,19,6,0,0,1,0.0,0.0,5071.80078125,1,361,6859,36,0.0,0.0
274,0,29,11,1,1,1,0.0,0.0,0.0,0,841,24389,121,0.0,0.0
275,0,17,9,0,0,1,0.0,0.0,5114.81396484375,1,289,4913,81,0.0,0.0
276,0,25,8,1,1,1,330.949493408203,515.827453613281,14281.306640625,0,625,15625,64,109527.5703125,266077.96875
277,1,29,10,1,1,1,4687.8017578125,4923.26318359375,130.679122924805,0,841,24389,100,21975486.0,24238520.0
278,1,24,10,1,1,1,11703.2001953125,4078.15209960938,0.0,0,576,13824,100,136964896.0,16631325.0
279,0,28,8,0,0,1,0.0,0.0,8190.4208984375,0,784,21952,64,0.0,0.0
280,0,33,11,1,0,1,10523.830078125,2899.82006835938,18859.890625,0,1089,35937,121,110751000.0,8408956.0
281,1,21,11,0,0,1,1261.63720703125,946.227905273438,11412.2353515625,0,441,9261,121,1591728.5,895347.25
282,1,26,11,0,0,1,3807.53588867188,4676.45703125,1973.34533691406,0,676,17576,121,14497330.0,21869250.0
283,0,28,11,1,1,1,8593.1630859375,5393.89501953125,4974.5859375,0,784,21952,121,73842448.0,29094104.0
284,0,23,10,1,1,1,10746.078125,9854.1533203125,0.0,0,529,12167,100,115478192.0,97104336.0
285,0,31,12,1,0,0,0.0,5613.9091796875,0.0,0,961,29791,144,0.0,31515976.0
286,0,31,12,1,0,0,0.0,0.0,7284.39404296875,0,961,29791,144,0.0,0.0
287,1,25,11,0,0,1,0.0,0.0,18783.349609375,0,625,15625,121,0.0,0.0
288,1,25,12,1,0,0,3297.2490234375,2746.6083984375,2090.67846679688,0,625,15625,144,10871851.0,7543857.5
289,1,25,12,1,0,0,0.0,0.0,11965.8095703125,0,625,15625,144,0.0,0.0
290,0,24,10,0,0,1,3000.83764648438,3000.83764648438,5350.0380859375,1,576,13824,100,9005027.0,9005027.0
291,1,18,11,0,0,1,5491.53515625,5491.53515625,2454.5,1,324,5832,121,30156958.0,30156958.0
292,0,27,11,1,1,1,1122.62060546875,1122.62060546875,215.834808349609,0,729,19683,121,1260277.0,1260277.0
293,1,17,10,0,0,1,2102.50244140625,2202.79638671875,4387.05712890625,1,289,4913,100,4420516.5,4852312.0
294,0,17,10,0,0,1,1442.68103027344,1734.55895996094,6354.19384765625,1,289,4913,100,2081328.5,3008694.75
295,0,17,10,0,0,1,4905.119140625,1168.90197753906,11306.26953125,1,289,4913,100,24060194.0,1366331.875
296,1,43,9,1,0,1,0.0,0.0,0.0,0,1849,79507,81,0.0,0.0
297,1,25,10,0,0,1,5139.44775390625,4712.8740234375,6103.74609375,0,625,15625,100,26413924.0,22211182.0
298,0,25,10,0,0,1,8877.2109375,8140.40234375,3412.95483398438,0,625,15625,100,78804872.0,66266152.0
299,0,21,14,1,0,0,0.0,0.0,5775.06201171875,0,441,9261,196,0.0,0.0
300,1,21,11,0,0,1,6852.5986328125,6658.5625,9381.294921875,1,441,9261,121,46958108.0,44336456.0
301,0,21,11,0,0,1,2992.53393554688,8920.470703125,20857.83984375,1,441,9261,121,8955259.0,79574800.0
302,0,17,11,0,0,1,0.0,0.0,0.0,0,289,4913,121,0.0,0.0
303,1,18,10,0,0,1,12717.955078125,12625.5107421875,0.0,1,324,5832,100,161746384.0,159403520.0
304,0,18,10,0,0,1,0.0,0.0,1859.1669921875,1,324,5832,100,0.0,0.0
305,1,27,10,1,1,1,0.0,0.0,18739.9296875,0,729,19683,100,0.0,0.0
306,1,22,10,1,1,1,1468.34802246094,5588.6640625,13228.2802734375,0,484,10648,100,2156046.0,31233166.0
307,0,30,13,1,0,0,6073.89453125,5569.76123046875,0.0,0,900,27000,169,36892196.0,31022240.0
308,0,23,11,0,0,1,21492.203125,19995.642578125,12896.216796875,0,529,12167,121,461914784.0,399825728.0
309,0,19,10,0,0,1,0.0,0.0,0.0,1,361,6859,100,0.0,0.0
310,0,19,10,0,0,1,1261.63818359375,2275.36767578125,4335.1591796875,1,361,6859,100,1591730.875,5177298.0
311,1,18,11,0,0,1,3678.23095703125,919.5579223632808,4321.705078125,0,324,5832,121,13529383.0,845586.75
312,0,27,12,0,0,0,27913.662109375,24276.974609375,15762.876953125,1,729,19683,144,779172544.0,589371520.0
313,0,17,10,0,0,1,2417.982421875,2465.61328125,4211.66162109375,0,289,4913,100,5846639.0,6079249.0
314,1,26,12,1,0,0,0.0,0.0,10747.349609375,0,676,17576,144,0.0,0.0
315,0,26,12,1,0,0,0.0,0.0,0.0,0,676,17576,144,0.0,0.0
316,1,22,11,0,0,1,0.0,0.0,1048.43200683594,0,484,10648,121,0.0,0.0
317,0,19,11,0,0,1,823.25439453125,823.25439453125,2649.59887695312,0,361,6859,121,677747.8125,677747.8125
318,0,19,11,0,0,1,0.0,0.0,0.0,0,361,6859,121,0.0,0.0
319,1,27,9,1,1,1,0.0,934.4453735351559,1773.42297363281,0,729,19683,81,0.0,873188.125
320,1,30,12,1,0,0,0.0,0.0,24909.44921875,0,900,27000,144,0.0,0.0
321,0,20,11,0,0,1,1545.50732421875,1159.13049316406,0.0,0,400,8000,121,2388593.0,1343583.5
322,1,25,8,0,0,1,24415.234375,23096.65234375,6421.5302734375,0,625,15625,64,596103680.0,533455360.0
323,0,19,9,0,0,1,2686.53002929688,2750.8408203125,15581.4365234375,1,361,6859,81,7217443.5,7567125.0
324,0,29,14,1,0,0,3357.18530273438,3357.18530273438,7226.04931640625,0,841,24389,196,11270693.0,11270693.0
325,0,26,10,1,1,1,12143.2412109375,9107.4306640625,12659.576171875,0,676,17576,100,147458304.0,82945296.0
326,1,17,9,0,0,1,1618.14978027344,1618.14978027344,6011.02099609375,0,289,4913,81,2618408.75,2618408.75
327,1,25,11,1,1,1,0.0,0.0,0.0,0,625,15625,121,0.0,0.0
328,0,24,8,0,0,1,0.0,0.0,10569.26953125,0,576,13824,64,0.0,0.0
329,1,29,13,1,0,0,0.0,0.0,7479.65576171875,0,841,24389,169,0.0,0.0
330,1,25,12,1,0,0,6939.01220703125,5204.25927734375,0.0,0,625,15625,144,48149892.0,27084314.0
331,0,17,8,0,0,1,0.0,0.0,10210.990234375,0,289,4913,64,0.0,0.0
332,1,28,15,1,0,0,0.0,0.0,9598.541015625,0,784,21952,225,0.0,0.0
333,1,19,9,0,0,1,0.0,0.0,13188.830078125,0,361,6859,81,0.0,0.0
334,1,25,12,1,0,0,14426.7900390625,2409.27392578125,0.0,0,625,15625,144,208132272.0,5804601.0
335,0,25,10,1,1,1,0.0,0.0,0.0,0,625,15625,100,0.0,0.0
336,0,18,8,0,0,1,1168.05639648438,1345.90942382812,1725.59240722656,0,324,5832,64,1364355.75,1811472.125
337,0,29,12,1,0,0,0.0,0.0,1890.93701171875,0,841,24389,144,0.0,0.0
338,0,28,14,1,0,0,7850.5849609375,6539.53759765625,3123.1162109375,0,784,21952,196,61631684.0,42765552.0
339,0,18,6,0,0,1,6385.3740234375,6142.6806640625,3825.3076171875,1,324,5832,36,40773000.0,37732524.0
340,0,42,10,1,0,1,0.0,0.0,6930.3359375,0,1764,74088,100,0.0,0.0
341,1,23,7,0,0,1,0.0,0.0,0.0,0,529,12167,49,0.0,0.0
342,1,18,8,0,1,1,0.0,0.0,2787.9599609375,1,324,5832,64,0.0,0.0
343,0,21,11,1,1,1,7652.11962890625,7652.11962890625,8396.654296875,0,441,9261,121,58554936.0,58554936.0
344,1,23,10,1,1,1,9462.2880859375,10495.083984375,3385.81079101562,0,529,12167,100,89534896.0,110146784.0
345,0,24,12,1,0,0,0.0,0.0,0.0,0,576,13824,144,0.0,0.0
346,0,27,13,1,0,0,9593.6181640625,8797.34765625,1653.4812011718802,0,729,19683,169,92037512.0,77393328.0
347,1,27,13,1,0,0,0.0,0.0,0.0,0,729,19683,169,0.0,0.0
348,1,27,13,1,0,0,0.0,0.0,14581.8603515625,0,729,19683,169,0.0,0.0
349,0,27,13,1,0,0,0.0,0.0,7609.51806640625,0,729,19683,169,0.0,0.0
350,1,27,13,1,0,0,0.0,0.0,34099.28125,0,729,19683,169,0.0,0.0
351,0,27,12,1,0,0,31166.80859375,32984.25,10833.341796875,0,729,19683,144,971369984.0,1087960704.0
352,1,27,12,1,0,0,2143.4130859375,357.949890136719,22163.25,0,729,19683,144,4594219.5,128128.125
353,0,27,12,1,0,0,3311.8017578125,2483.85131835938,3552.26806640625,0,729,19683,144,10968031.0,6169517.5
354,0,38,10,1,0,1,0.0,0.0,0.0,0,1444,54872,100,0.0,0.0
355,1,22,16,1,0,0,0.0,0.0,2164.02197265625,0,484,10648,256,0.0,0.0
356,0,26,12,1,0,0,7322.03662109375,7322.03662109375,4677.04931640625,0,676,17576,144,53612220.0,53612220.0
357,1,22,12,1,0,0,5605.85205078125,936.1773071289059,0.0,0,484,10648,144,31425578.0,876427.9375
358,0,22,12,1,0,0,0.0,0.0,0.0,0,484,10648,144,0.0,0.0
359,0,25,13,1,0,0,10240.357421875,10240.357421875,10020.71484375,0,625,15625,169,104864920.0,104864920.0
360,0,25,13,1,0,0,3751.04760742188,3751.04760742188,1672.77600097656,0,625,15625,169,14070358.0,14070358.0
361,1,25,12,1,0,0,0.0,0.0,3191.7529296875,0,625,15625,144,0.0,0.0
362,1,25,12,1,0,0,0.0,0.0,0.0,0,625,15625,144,0.0,0.0
363,0,25,12,1,0,0,0.0,0.0,3418.09692382812,0,625,15625,144,0.0,0.0
364,0,25,12,1,0,0,0.0,0.0,0.0,0,625,15625,144,0.0,0.0
365,1,25,12,1,0,0,0.0,0.0,2348.97290039062,0,625,15625,144,0.0,0.0
366,1,21,13,1,0,0,0.0,0.0,17094.640625,0,441,9261,169,0.0,0.0
367,0,25,11,0,1,1,0.0,0.0,4485.6162109375,1,625,15625,121,0.0,0.0
368,1,24,12,1,0,0,20580.48046875,18154.0546875,0.0,0,576,13824,144,423556192.0,329569696.0
369,1,24,12,1,0,0,13765.75,2842.76391601562,6167.68115234375,0,576,13824,144,189495872.0,8081306.5
370,1,21,13,1,0,0,27052.154296875,24806.826171875,8803.666015625,0,441,9261,169,731819072.0,615378624.0
371,0,20,13,1,0,0,9106.6767578125,8965.2431640625,9199.5625,0,400,8000,169,82931560.0,80375584.0
372,1,20,12,1,0,0,989.267822265625,165.207702636719,0.0,0,400,8000,144,978650.8125,27293.5859375
373,1,23,12,1,0,0,6614.12158203125,7841.97216796875,7947.2568359375,0,529,12167,144,43746604.0,61496528.0
374,1,23,12,1,0,0,0.0,0.0,0.0,0,529,12167,144,0.0,0.0
375,1,23,12,1,0,0,0.0,0.0,4843.17578125,0,529,12167,144,0.0,0.0
376,1,23,12,1,0,0,6269.3408203125,3039.9599609375,8484.2392578125,0,529,12167,144,39304636.0,9241357.0
377,0,20,12,1,0,0,0.0,0.0,0.0,0,400,8000,144,0.0,0.0
378,1,18,12,1,0,0,0.0,0.0,2321.10693359375,0,324,5832,144,0.0,0.0
379,0,18,12,1,0,0,0.0,1405.5119628906198,0.0,0,324,5832,144,0.0,1975463.875
380,0,18,12,1,0,0,700.833740234375,642.664489746094,14444.7099609375,0,324,5832,144,491167.9375,413017.65625
381,0,22,12,1,0,0,2590.6962890625,2158.05004882812,0.0,0,484,10648,144,6711707.5,4657180.0
382,1,22,12,1,0,0,0.0,0.0,18678.080078125,0,484,10648,144,0.0,0.0
383,0,22,12,1,0,0,709.6714477539059,532.253601074219,1333.44506835938,0,484,10648,144,503633.5625,283293.90625
384,1,19,12,1,0,0,3042.10375976562,2534.07250976562,4551.978515625,0,361,6859,144,9254395.0,6421523.5
385,1,21,12,1,0,0,0.0,0.0,1254.58203125,0,441,9261,144,0.0,0.0
386,1,21,12,1,0,0,0.0,0.0,9983.7841796875,0,441,9261,144,0.0,0.0
387,0,21,12,1,0,0,449.047943115234,449.047943115234,0.0,0,441,9261,144,201644.0625,201644.0625
388,0,20,12,1,0,0,6576.2861328125,4932.21484375,6086.96630859375,0,400,8000,144,43247540.0,24326744.0
389,1,20,12,1,0,0,1265.39416503906,1160.36645507812,702.1838989257809,0,400,8000,144,1601222.375,1346450.25
390,1,20,12,1,0,0,8113.89501953125,6085.42138671875,9750.66015625,0,400,8000,144,65835292.0,37032352.0
391,0,20,12,1,0,0,0.0,591.815124511719,4159.9189453125,0,400,8000,144,0.0,350245.15625
392,1,20,12,1,0,0,9227.55859375,9227.55859375,0.0,0,400,8000,144,85147840.0,85147840.0
393,1,20,12,1,0,0,0.0,377.568603515625,1652.6369628906198,0,400,8000,144,0.0,142558.046875
394,0,19,12,1,0,0,8417.0,2814.19506835938,1720.9069824218802,0,361,6859,144,70845888.0,7919694.0
395,1,19,11,0,1,1,5424.48486328125,5463.80322265625,6788.462890625,1,361,6859,121,29425036.0,29853146.0
396,0,19,12,1,0,0,0.0,0.0,0.0,0,361,6859,144,0.0,0.0
397,1,40,11,1,0,1,0.0,0.0,23005.599609375,0,1600,64000,121,0.0,0.0
398,0,18,10,0,1,1,2308.07373046875,1922.62548828125,4768.3544921875,1,324,5832,100,5327204.5,3696488.75
399,0,27,12,0,0,0,2920.14233398438,2677.7705078125,17395.16796875,1,729,19683,144,8527231.0,7170455.0
400,1,20,6,0,1,1,10802.982421875,10802.982421875,4488.49462890625,1,400,8000,36,116704432.0,116704432.0
401,0,36,7,1,0,1,1752.08532714844,1606.66223144531,20780.6484375,0,1296,46656,49,3069803.0,2581363.5
402,0,24,7,1,0,1,0.0,0.0,1455.68994140625,0,576,13824,49,0.0,0.0
403,0,21,8,1,0,1,879.26611328125,2237.20849609375,1764.1076660156198,0,441,9261,64,773108.875,5005102.0
404,0,35,11,1,0,1,0.0,0.0,0.0,0,1225,42875,121,0.0,0.0
405,0,39,9,1,0,1,0.0,0.0,0.0,0,1521,59319,81,0.0,0.0
406,0,23,12,0,0,0,5721.69580078125,8960.68359375,7078.17822265625,1,529,12167,144,32737802.0,80293848.0
407,1,18,12,0,0,0,584.027526855469,535.553283691406,1115.85961914062,1,324,5832,144,341088.15625,286817.3125
408,0,29,9,1,0,1,9268.943359375,9160.693359375,0.0,0,841,24389,81,85913312.0,83918304.0
409,0,36,10,1,0,1,0.0,0.0,14690.349609375,0,1296,46656,100,0.0,0.0
410,1,33,8,1,0,1,0.0,0.0,289.789886474609,0,1089,35937,64,0.0,0.0
411,0,32,11,1,0,1,0.0,0.0,11120.5302734375,0,1024,32768,121,0.0,0.0
412,0,39,6,1,0,1,0.0,0.0,0.0,0,1521,59319,36,0.0,0.0
413,0,38,10,1,0,1,0.0,0.0,12429.91015625,0,1444,54872,100,0.0,0.0
414,0,38,8,1,0,1,0.0,0.0,0.0,0,1444,54872,64,0.0,0.0
415,0,37,10,1,0,1,8606.7431640625,8606.7431640625,0.0,0,1369,50653,100,74076024.0,74076024.0
416,0,20,10,1,0,1,690.192016601562,690.192016601562,10864.8759765625,0,400,8000,100,476365.03125,476365.03125
417,0,36,10,1,0,1,0.0,0.0,0.0,0,1296,46656,100,0.0,0.0
418,1,27,11,1,0,1,0.0,0.0,7506.14599609375,0,729,19683,121,0.0,0.0
419,1,35,10,1,0,1,0.0,0.0,4666.23583984375,0,1225,42875,100,0.0,0.0
420,0,35,10,1,0,1,9902.7626953125,9902.7626953125,9453.8271484375,0,1225,42875,100,98064712.0,98064712.0
421,0,35,10,1,0,1,0.0,0.0,445.830902099609,0,1225,42875,100,0.0,0.0
422,0,25,10,1,0,1,0.0,0.0,20942.240234375,0,625,15625,100,0.0,0.0
423,0,24,11,1,0,1,0.0,0.0,14626.3896484375,0,576,13824,121,0.0,0.0
424,1,30,11,1,0,1,0.0,0.0,0.0,0,900,27000,121,0.0,0.0
425,0,20,9,0,0,1,0.0,0.0,8329.8232421875,1,400,8000,81,0.0,0.0
426,0,23,11,1,0,1,37849.0703125,29897.189453125,23483.451171875,0,529,12167,121,1432552064.0,893841920.0
427,0,34,11,1,0,1,0.0,0.0,2920.19897460938,0,1156,39304,121,0.0,0.0
428,0,34,11,1,0,1,8912.484375,8912.484375,5611.8662109375,0,1156,39304,121,79432376.0,79432376.0
429,1,23,10,1,0,1,17131.466796875,15709.5556640625,5665.06640625,0,529,12167,100,293487168.0,246790144.0
430,1,25,8,1,0,1,37431.66015625,37431.66015625,2346.828125,0,625,15625,64,1401129216.0,1401129216.0
431,0,34,10,1,0,1,0.0,0.0,7952.5400390625,0,1156,39304,100,0.0,0.0
432,0,30,8,1,0,1,0.0,1706.6569824218802,0.0,0,900,27000,64,0.0,2912678.0
433,0,21,7,0,0,1,0.0,0.0,0.0,1,441,9261,49,0.0,0.0
434,0,34,9,1,0,1,5244.193359375,4368.4130859375,14051.15625,0,1156,39304,81,27501564.0,19083032.0
435,1,20,9,1,0,1,6083.994140625,0.0,8881.6650390625,0,400,8000,81,37014984.0,0.0
436,0,29,11,1,0,1,0.0,0.0,0.0,0,841,24389,121,0.0,0.0
437,0,33,11,1,0,1,0.0,0.0,0.0,0,1089,35937,121,0.0,0.0
438,1,34,7,1,0,1,1143.359375,857.51953125,0.0,0,1156,39304,49,1307270.625,735339.75
439,1,29,8,1,0,1,0.0,0.0,1923.93798828125,0,841,24389,64,0.0,0.0
440,0,28,10,1,0,1,10979.7138671875,10068.3974609375,0.0,0,784,21952,100,120554120.0,101372624.0
441,0,29,9,0,0,1,9594.3076171875,16341.16015625,16900.30078125,1,841,24389,81,92050736.0,267033520.0
442,1,32,11,1,0,1,0.0,0.0,8472.158203125,0,1024,32768,121,0.0,0.0
443,1,27,11,1,0,1,17075.033203125,14223.501953125,7661.97265625,0,729,19683,121,291556768.0,202308000.0
444,1,32,10,1,0,1,2786.95874023438,2321.53662109375,179.021728515625,0,1024,32768,100,7767139.0,5389532.5
445,0,32,10,1,0,1,0.0,0.0,0.0,0,1024,32768,100,0.0,0.0
446,0,26,11,1,0,1,4699.962890625,1174.99096679688,6672.02099609375,0,676,17576,121,22089652.0,1380603.75
447,0,27,11,1,0,1,3065.19409179688,766.298583984375,0.0,0,729,19683,121,9395415.0,587213.5
448,1,27,10,1,0,1,1001.14599609375,3550.07495117188,0.0,0,729,19683,100,1002293.3125,12603032.0
449,1,34,11,0,0,1,5061.57861328125,4641.46728515625,2877.68212890625,1,1156,39304,121,25619578.0,21543218.0
450,0,26,10,1,0,1,0.0,0.0,3931.23803710938,0,676,17576,100,0.0,0.0
451,0,32,8,1,0,1,0.0,0.0,7152.1318359375,0,1024,32768,64,0.0,0.0
452,0,31,11,1,0,1,17711.880859375,1726.44494628906,0.0,0,961,29791,121,313710720.0,2980612.25
453,0,31,11,1,0,1,7662.1689453125,6382.5869140625,0.0,0,961,29791,121,58708832.0,40737416.0
454,1,21,11,0,0,1,21589.083984375,17983.70703125,15191.9111328125,1,441,9261,121,466088544.0,323413728.0
455,1,25,11,1,0,1,0.0,0.0,485.229797363281,0,625,15625,121,0.0,0.0
456,0,31,10,1,0,1,0.0,0.0,0.0,0,961,29791,100,0.0,0.0
457,0,31,10,1,0,1,0.0,0.0,17014.58984375,0,961,29791,100,0.0,0.0
458,0,31,10,1,0,1,0.0,520.4462890625,14527.8798828125,0,961,29791,100,0.0,270864.34375
459,1,17,10,1,0,1,0.0,0.0,0.0,0,289,4913,100,0.0,0.0
460,1,30,11,1,0,1,1913.03369140625,1913.03369140625,0.0,0,900,27000,121,3659698.0,3659698.0
461,1,19,11,1,0,1,0.0,0.0,7458.10498046875,0,361,6859,121,0.0,0.0
462,0,31,8,1,0,1,5495.41455078125,4577.68017578125,6153.82958984375,0,961,29791,64,30199582.0,20955156.0
463,1,20,11,1,0,1,0.0,0.0,3972.5400390625,0,400,8000,121,0.0,0.0
464,0,20,8,0,0,1,1350.30126953125,1124.80102539062,11731.197265625,1,400,8000,64,1823313.5,1265177.375
465,1,23,10,1,0,1,0.0,0.0,7693.39990234375,0,529,12167,100,0.0,0.0
466,0,24,9,1,0,1,2788.498046875,0.0,16461.5703125,0,576,13824,81,7775721.5,0.0
467,1,18,10,1,0,1,0.0,798.9078979492191,9737.154296875,0,324,5832,100,0.0,638253.8125
468,0,18,10,1,0,1,1557.40856933594,1428.14367675781,11602.935546875,0,324,5832,100,2425521.5,2039594.375
469,1,30,10,1,0,1,3140.23608398438,2615.81665039062,0.0,0,900,27000,100,9861083.0,6842496.5
470,0,22,10,1,0,1,16486.171875,13732.98046875,10770.962890625,0,484,10648,100,271793856.0,188594752.0
471,0,25,11,1,0,1,2622.09716796875,2455.0673828125,8764.1474609375,0,625,15625,121,6875393.5,6027356.0
472,1,20,10,1,0,1,6123.45654296875,5100.8388671875,13626.0439453125,0,400,8000,100,37496720.0,26018558.0
473,0,20,10,1,0,1,0.0,0.0,2015.50305175781,0,400,8000,100,0.0,0.0
474,0,25,11,1,0,1,0.0,0.0,0.0,0,625,15625,121,0.0,0.0
475,1,25,11,1,0,1,0.0,0.0,0.0,0,625,15625,121,0.0,0.0
476,0,20,9,1,0,1,3311.802734375,2483.85205078125,0.0,0,400,8000,81,10968037.0,6169521.0
477,0,29,11,1,0,1,3550.888671875,3256.16479492188,3290.29321289062,0,841,24389,121,12608810.0,10602609.0
478,0,24,11,1,0,1,0.0,0.0,0.0,0,576,13824,121,0.0,0.0
479,1,20,7,1,0,1,1884.1416015625,1569.4899902343802,5518.0830078125,0,400,8000,49,3549989.5,2463298.75
480,0,29,9,1,0,1,0.0,1203.82397460938,9378.6533203125,0,841,24389,81,0.0,1449192.125
481,1,24,9,1,0,1,9154.7001953125,2288.67504882812,4849.55908203125,0,576,13824,81,83808536.0,5238033.5
482,0,28,11,1,0,1,2431.94897460938,863.4794921875,0.0,0,784,21952,121,5914376.0,745596.8125
483,0,28,11,1,0,1,0.0,0.0,5767.1328125,0,784,21952,121,0.0,0.0
484,0,29,8,1,0,1,0.0,0.0,0.0,0,841,24389,64,0.0,0.0
485,0,27,9,0,0,1,2129.015625,1596.76184082031,6723.4140625,1,729,19683,81,4532707.5,2549648.5
486,0,28,10,1,0,1,1471.29296875,367.823394775391,4858.89501953125,0,784,21952,100,2164703.0,135294.046875
487,0,28,10,1,0,1,6567.3291015625,6567.3291015625,5435.78662109375,0,784,21952,100,43129812.0,43129812.0
488,0,28,10,1,0,1,5377.65576171875,4479.5869140625,128.67199707031202,0,784,21952,100,28919182.0,20066698.0
489,0,23,11,1,0,1,6382.30908203125,580.790100097656,0.0,0,529,12167,121,40733868.0,337317.125
490,0,33,5,0,0,1,0.0,0.0,0.0,1,1089,35937,25,0.0,0.0
491,0,23,10,1,0,1,0.0,0.0,0.0,0,529,12167,100,0.0,0.0
492,1,27,11,1,0,1,2206.93994140625,2666.27392578125,0.0,0,729,19683,121,4870584.0,7109016.5
493,1,27,11,1,0,1,0.0,0.0,0.0,0,729,19683,121,0.0,0.0
494,1,27,11,1,0,1,0.0,0.0,549.298400878906,0,729,19683,121,0.0,0.0
495,1,28,9,1,0,1,0.0,0.0,10694.2900390625,0,784,21952,81,0.0,0.0
496,0,28,9,1,0,1,0.0,0.0,0.0,0,784,21952,81,0.0,0.0
497,0,27,10,1,0,1,0.0,0.0,1135.46997070312,0,729,19683,100,0.0,0.0
498,0,27,10,1,0,1,0.0,0.0,1184.88195800781,0,729,19683,100,0.0,0.0
499,1,28,8,1,0,1,1577.04797363281,1182.78601074219,7779.26318359375,0,784,21952,64,2487080.25,1398982.75
500,0,28,8,1,0,1,11870.0908203125,10610.080078125,4623.18798828125,0,784,21952,64,140899056.0,112573800.0
501,1,28,8,1,0,1,0.0,0.0,0.0,0,784,21952,64,0.0,0.0
502,1,26,11,1,0,1,0.0,0.0,17230.9609375,0,676,17576,121,0.0,0.0
503,0,26,11,1,0,1,0.0,0.0,7176.18701171875,0,676,17576,121,0.0,0.0
504,1,31,9,0,0,1,0.0,0.0,26817.599609375,1,961,29791,81,0.0,0.0
505,0,27,9,1,0,1,2838.68774414062,2129.01586914062,0.0,0,729,19683,81,8058148.0,4532708.5
506,1,27,9,1,0,1,3059.47290039062,2294.6044921875,2018.5559082031202,0,729,19683,81,9360374.0,5265210.0
507,1,27,9,1,0,1,0.0,0.0,0.0,0,729,19683,81,0.0,0.0
508,1,26,10,1,0,1,0.0,0.0,9265.7880859375,0,676,17576,100,0.0,0.0
509,1,26,10,1,0,1,25929.6796875,6788.9580078125,672.8773193359381,0,676,17576,100,672348288.0,46089952.0
510,0,26,10,1,0,1,0.0,0.0,2169.02709960938,0,676,17576,100,0.0,0.0
511,1,27,8,1,0,1,0.0,0.0,0.0,0,729,19683,64,0.0,0.0
512,0,27,8,1,0,1,0.0,0.0,3783.65991210938,0,729,19683,64,0.0,0.0
513,0,20,11,0,0,1,0.0,0.0,6378.72021484375,1,400,8000,121,0.0,0.0
514,0,25,11,1,0,1,0.0,0.0,1264.23205566406,0,625,15625,121,0.0,0.0
515,0,25,11,1,0,1,3649.7685546875,3649.7685546875,0.0,0,625,15625,121,13320811.0,13320811.0
516,0,25,11,1,0,1,15209.990234375,3072.72607421875,284.65838623046903,0,625,15625,121,231343808.0,9441646.0
517,0,25,11,1,0,1,5281.2451171875,0.0,0.0,0,625,15625,121,27891550.0,0.0
518,0,25,11,1,0,1,4672.2236328125,4284.42919921875,4116.7021484375,0,625,15625,121,21829674.0,18356334.0
519,0,25,11,1,0,1,0.0,0.0,4196.375,0,625,15625,121,0.0,0.0
520,0,17,9,0,0,1,731.981567382812,671.22705078125,4209.57958984375,1,289,4913,81,535797.0,450545.75
521,0,26,9,1,0,1,7584.57373046875,6955.05419921875,11856.875,0,676,17576,81,57525760.0,48372780.0
522,0,20,11,1,0,1,1931.24499511719,3248.93701171875,6027.638671875,0,400,8000,121,3729707.25,10555592.0
523,0,25,10,1,0,1,0.0,0.0,0.0,0,625,15625,100,0.0,0.0
524,0,25,10,1,0,1,0.0,0.0,7367.0400390625,0,625,15625,100,0.0,0.0
525,0,25,10,1,0,1,0.0,0.0,289.789886474609,0,625,15625,100,0.0,0.0
526,1,25,10,1,0,1,0.0,0.0,0.0,0,625,15625,100,0.0,0.0
527,1,24,11,1,0,1,0.0,0.0,1991.40002441406,0,576,13824,121,0.0,0.0
528,0,24,11,1,0,1,13627.26953125,13370.5751953125,19533.8828125,0,576,13824,121,185702480.0,178772288.0
529,1,24,11,1,0,1,0.0,0.0,995.7001953125,0,576,13824,121,0.0,0.0
530,0,17,11,1,0,1,0.0,0.0,8551.533203125,0,289,4913,121,0.0,0.0
531,0,17,11,1,0,1,4080.72998046875,3796.02905273438,0.0,0,289,4913,121,16652357.0,14409837.0
532,0,17,11,1,0,1,989.267822265625,165.207702636719,4251.126953125,0,289,4913,121,978650.8125,27293.5859375
533,0,17,11,1,0,1,1261.50122070312,1156.79663085938,6365.03125,0,289,4913,121,1591385.375,1338178.5
534,1,23,11,1,0,1,11946.119140625,8959.5888671875,1659.4997558593802,0,529,12167,121,142709760.0,80274232.0
535,1,23,11,1,0,1,0.0,0.0,0.0,0,529,12167,121,0.0,0.0
536,0,23,11,1,0,1,0.0,0.0,0.0,0,529,12167,121,0.0,0.0
537,1,23,11,1,0,1,2355.17846679688,1961.86364746094,3689.1259765625,0,529,12167,121,5546865.5,3848909.0
538,0,23,11,1,0,1,0.0,0.0,5088.759765625,0,529,12167,121,0.0,0.0
539,0,23,11,1,0,1,0.0,1896.02294921875,5573.546875,0,529,12167,121,0.0,3594903.0
540,0,23,11,1,0,1,0.0,0.0,0.0,0,529,12167,121,0.0,0.0
541,0,24,10,1,0,1,0.0,0.0,0.0,0,576,13824,100,0.0,0.0
542,0,24,10,1,0,1,1570.11804199219,1307.90832519531,0.0,0,576,13824,100,2465270.75,1710624.125
543,1,24,10,1,0,1,0.0,0.0,0.0,0,576,13824,100,0.0,0.0
544,0,24,10,1,0,1,0.0,0.0,0.0,0,576,13824,100,0.0,0.0
545,1,24,10,1,0,1,0.0,0.0,0.0,0,576,13824,100,0.0,0.0
546,0,24,10,1,0,1,0.0,0.0,7618.63916015625,0,576,13824,100,0.0,0.0
547,0,18,11,1,0,1,1064.69897460938,645.272277832031,5497.5908203125,0,324,5832,121,1133583.875,416376.3125
548,0,18,11,1,0,1,1170.3271484375,1170.3271484375,604.228698730469,0,324,5832,121,1369665.625,1369665.625
549,0,18,11,1,0,1,0.0,0.0,0.0,0,324,5832,121,0.0,0.0
550,1,18,11,1,0,1,1135.47473144531,851.606079101562,0.0,0,324,5832,121,1289302.875,725232.9375
551,1,18,11,1,0,1,858.254272460938,214.56359863281202,929.883911132812,0,324,5832,121,736600.375,46037.5390625
552,1,18,11,1,0,1,0.0,0.0,0.0,0,324,5832,121,0.0,0.0
553,0,18,11,1,0,1,2499.64111328125,2292.1708984375,4994.2265625,0,324,5832,121,6248205.5,5254047.5
554,0,18,8,0,0,1,0.0,0.0,10798.5595703125,1,324,5832,64,0.0,0.0
555,0,17,10,1,0,1,0.0,0.0,0.0,0,289,4913,100,0.0,0.0
556,1,17,10,1,0,1,0.0,0.0,0.0,0,289,4913,100,0.0,0.0
557,0,17,10,1,0,1,0.0,0.0,275.56610107421903,0,289,4913,100,0.0,0.0
558,0,17,10,1,0,1,0.0,0.0,1143.38696289062,0,289,4913,100,0.0,0.0
559,1,17,10,1,0,1,188.414260864258,156.949081420898,10641.240234375,0,289,4913,100,35499.93359375,24633.013671875
560,1,17,10,1,0,1,0.0,0.0,0.0,0,289,4913,100,0.0,0.0
561,0,17,10,1,0,1,0.0,0.0,2189.42602539062,0,289,4913,100,0.0,0.0
562,1,17,10,1,0,1,0.0,0.0,16218.0400390625,0,289,4913,100,0.0,0.0
563,0,17,10,1,0,1,2072.5556640625,1726.43884277344,11061.615234375,0,289,4913,100,4295487.0,2980591.0
564,1,17,10,1,0,1,1201.140625,1000.55010986328,1433.53125,0,289,4913,100,1442738.75,1001100.5
565,1,17,10,1,0,1,934.4453735351559,856.8864135742191,3251.099609375,0,289,4913,100,873188.125,734254.3125
566,0,17,10,1,0,1,0.0,664.5689697265619,0.0,0,289,4913,100,0.0,441651.90625
567,0,22,11,1,0,1,7914.130859375,1321.66003417969,2639.2900390625,0,484,10648,121,62633468.0,1746785.25
568,1,22,11,1,0,1,0.0,0.0,6456.69677734375,0,484,10648,121,0.0,0.0
569,0,22,11,1,0,1,8810.0673828125,6974.48388671875,3708.71899414062,0,484,10648,121,77617288.0,48643424.0
570,1,22,11,1,0,1,8125.35107421875,8774.791015625,18295.81640625,0,484,10648,121,66021332.0,76996960.0
571,1,22,11,1,0,1,661.8984375,606.960876464844,317.895172119141,0,484,10648,121,438109.53125,368401.5
572,0,22,11,1,0,1,0.0,0.0,0.0,0,484,10648,121,0.0,0.0
573,0,22,11,1,0,1,3250.14624023438,2707.37182617188,100.69982147216801,0,484,10648,121,10563451.0,7329862.0
574,0,19,11,1,0,1,0.0,0.0,0.0,0,361,6859,121,0.0,0.0
575,0,19,11,1,0,1,0.0,0.0,0.0,0,361,6859,121,0.0,0.0
576,0,19,11,1,0,1,721.340576171875,2445.58911132812,9772.283203125,0,361,6859,121,520332.21875,5980906.0
577,0,19,11,1,0,1,0.0,0.0,0.0,0,361,6859,121,0.0,0.0
578,1,19,11,1,0,1,2102.50244140625,1927.99475097656,11965.8125,0,361,6859,121,4420516.5,3717163.75
579,0,19,11,1,0,1,1626.623046875,0.0,0.0,0,361,6859,121,2645902.5,0.0
580,0,19,11,1,0,1,11827.8388671875,8870.87890625,7396.29248046875,0,361,6859,121,139897776.0,78692496.0
581,0,19,11,1,0,1,705.1963500976559,705.1963500976559,0.0,0,361,6859,121,497301.90625,497301.90625
582,1,19,11,1,0,1,709.6714477539059,532.253601074219,0.0,0,361,6859,121,503633.5625,283293.90625
583,1,19,11,1,0,1,210.250274658203,192.799499511719,661.1923828125,0,361,6859,121,44205.1796875,37171.6484375
584,1,19,11,1,0,1,6971.326171875,6409.02685546875,11648.69921875,0,361,6859,121,48599388.0,41075624.0
585,1,21,11,1,0,1,2878.11303710938,2158.5849609375,0.0,0,441,9261,121,8283534.5,4659489.0
586,1,21,11,1,0,1,6374.677734375,5310.1064453125,7906.3408203125,0,441,9261,121,40636516.0,28197230.0
587,0,21,11,1,0,1,2483.85180664062,1862.88879394531,11630.6640625,0,441,9261,121,6169520.0,3470354.75
588,0,21,11,1,0,1,0.0,0.0,1553.291015625,0,441,9261,121,0.0,0.0
589,1,20,11,1,0,1,7008.33837890625,6426.646484375,16451.462890625,0,400,8000,121,49116808.0,41301784.0
590,1,20,11,1,0,1,16318.6201171875,1484.99401855469,6943.341796875,0,400,8000,121,266297360.0,2205207.25
591,0,20,11,1,0,1,8009.1640625,7666.875,7659.2177734375,0,400,8000,121,64146708.0,58780972.0
592,1,20,11,1,0,1,759.23583984375,696.21923828125,0.0,0,400,8000,121,576439.0625,484721.21875
593,0,20,11,1,0,1,3784.50219726562,3470.388671875,7896.70703125,0,400,8000,121,14322457.0,12043598.0
594,0,23,10,1,0,1,0.0,0.0,0.0,0,529,12167,100,0.0,0.0
595,0,23,10,1,0,1,0.0,0.0,0.0,0,529,12167,100,0.0,0.0
596,0,23,10,1,0,1,0.0,0.0,0.0,0,529,12167,100,0.0,0.0
597,1,23,10,1,0,1,2956.96557617188,2217.72436523438,0.0,0,529,12167,100,8743645.0,4918301.5
598,0,25,8,1,0,1,0.0,0.0,3515.92895507812,0,625,15625,64,0.0,0.0
599,1,25,8,1,0,1,0.0,0.0,0.0,0,625,15625,64,0.0,0.0
600,0,19,10,1,0,1,0.0,604.153869628906,0.0,0,361,6859,100,0.0,365001.90625
601,0,20,8,1,0,1,0.0,0.0,0.0,0,400,8000,64,0.0,0.0
602,0,24,9,1,0,1,1275.35620117188,1275.35620117188,8644.427734375,0,576,13824,81,1626533.5,1626533.5
603,0,24,9,1,0,1,9662.669921875,9662.669921875,0.0,0,576,13824,81,93367192.0,93367192.0
604,0,18,10,1,0,1,0.0,0.0,11048.080078125,0,324,5832,100,0.0,0.0
605,0,18,10,1,0,1,0.0,0.0,781.2243041992191,0,324,5832,100,0.0,0.0
606,1,18,10,1,0,1,0.0,0.0,11163.169921875,0,324,5832,100,0.0,0.0
607,1,18,10,1,0,1,763.12939453125,699.7896118164059,480.527008056641,0,324,5832,100,582366.5,489705.5
608,0,18,10,1,0,1,960.4268188476559,240.10670471191398,2891.66796875,0,324,5832,100,922419.6875,57651.23046875
609,1,18,10,1,0,1,1495.1115722656198,1371.01733398438,12064.4130859375,0,324,5832,100,2235358.5,1879688.5
610,0,18,10,1,0,1,1791.01989746094,1642.365234375,0.0,0,324,5832,100,3207752.25,2697363.5
611,0,18,10,1,0,1,1563.2490234375,0.0,9602.439453125,0,324,5832,100,2443747.5,0.0
612,0,18,10,1,0,1,2491.85400390625,2285.03002929688,3268.93823242188,0,324,5832,100,6209336.5,5221362.0
613,0,18,10,1,0,1,0.0,0.0,202.284698486328,0,324,5832,100,0.0,0.0
614,0,18,11,1,0,1,4985.125,4152.609375,4164.76708984375,0,324,5832,121,24851472.0,17244164.0
615,0,17,9,1,0,1,0.0,2595.26708984375,0.0,0,289,4913,81,0.0,6735411.5
616,0,17,9,1,0,1,827.9502563476559,620.962707519531,18085.734375,0,289,4913,81,685501.625,385594.6875
617,0,17,9,1,0,1,0.0,0.0,3590.70190429688,0,289,4913,81,0.0,0.0
618,0,17,9,1,0,1,1608.5886230468802,1206.44140625,0.0,0,289,4913,81,2587557.25,1455500.875
619,1,17,9,1,0,1,2001.90026855469,1667.5830078125,5594.7294921875,0,289,4913,81,4007604.75,2780833.0
620,0,17,9,1,0,1,0.0,0.0,0.0,0,289,4913,81,0.0,0.0
621,1,17,9,1,0,1,0.0,0.0,1953.26794433594,0,289,4913,81,0.0,0.0
622,1,17,9,1,0,1,1466.65246582031,1341.65112304688,1374.06579589844,0,289,4913,81,2151069.5,1800027.75
623,1,17,11,1,0,1,9266.560546875,8497.435546875,9017.00390625,0,289,4913,121,85869144.0,72206408.0
624,1,22,10,1,0,1,1168.05639648438,1071.10766601562,7315.4521484375,0,484,10648,100,1364355.75,1147271.625
625,0,22,10,1,0,1,2119.65893554688,1765.6760253906198,0.0,0,484,10648,100,4492954.0,3117611.75
626,0,22,10,1,0,1,0.0,0.0,0.0,0,484,10648,100,0.0,0.0
627,1,22,10,1,0,1,785.0590209960941,653.954162597656,11134.978515625,0,484,10648,100,616317.6875,427656.03125
628,0,22,10,1,0,1,0.0,0.0,0.0,0,484,10648,100,0.0,0.0
629,0,26,6,1,0,1,0.0,0.0,4813.0498046875,0,676,17576,36,0.0,0.0
630,1,19,10,1,0,1,1499.00476074219,1374.58740234375,13278.974609375,0,361,6859,100,2247015.25,1889490.5
631,0,19,10,1,0,1,1051.25085449219,963.9970703125,7047.080078125,0,361,6859,100,1105128.375,929290.375
632,1,19,10,1,0,1,0.0,385.274108886719,8124.71484375,0,361,6859,100,0.0,148436.140625
633,0,19,10,1,0,1,0.0,0.0,5286.39599609375,0,361,6859,100,0.0,0.0
634,0,19,10,1,0,1,1557.40856933594,1428.14367675781,4687.9375,0,361,6859,100,2425521.5,2039594.375
635,1,19,10,1,0,1,0.0,0.0,3228.5029296875,0,361,6859,100,0.0,0.0
636,1,19,10,1,0,1,3878.19287109375,3473.8076171875,5861.603515625,0,361,6859,100,15040380.0,12067339.0
637,0,19,10,1,0,1,0.0,0.0,4309.8779296875,0,361,6859,100,0.0,0.0
638,0,18,11,1,0,1,0.0,0.0,4657.27294921875,0,324,5832,121,0.0,0.0
639,0,18,10,1,0,1,1716.5090332031198,2682.125,0.0,0,324,5832,100,2946403.25,7193794.5
640,0,21,10,1,0,1,1230.09729003906,922.5729370117192,0.0,0,441,9261,100,1513139.375,851140.8125
641,0,20,10,1,0,1,3745.48901367188,3677.58837890625,557.7498779296881,0,400,8000,100,14028688.0,13524656.0
642,1,20,10,1,0,1,5005.73095703125,2777.35498046875,5615.18896484375,0,400,8000,100,25057342.0,7713700.5
643,1,23,9,1,0,1,2365.5732421875,1774.18005371094,11464.7138671875,0,529,12167,81,5595937.0,3147714.75
644,1,23,8,0,0,1,0.0,0.0,3881.28393554688,1,529,12167,64,0.0,0.0
645,0,18,9,1,0,1,2198.16430664062,2006.6286621093798,6546.00927734375,0,324,5832,81,4831926.5,4026558.5
646,0,18,9,1,0,1,0.0,0.0,12486.169921875,0,324,5832,81,0.0,0.0
647,1,18,9,1,0,1,1401.66809082031,1285.32958984375,15369.4775390625,0,324,5832,81,1964673.375,1652072.125
648,0,18,9,1,0,1,0.0,0.0,10877.349609375,0,324,5832,81,0.0,0.0
649,0,18,9,1,0,1,0.0,0.0,2389.67895507812,0,324,5832,81,0.0,0.0
650,0,18,9,1,0,1,0.0,0.0,0.0,0,324,5832,81,0.0,0.0
651,0,18,9,1,0,1,1605.4482421875,1605.4482421875,0.0,0,324,5832,81,2577464.0,2577464.0
652,1,18,9,1,0,1,1577.04797363281,1182.78601074219,5100.46875,0,324,5832,81,2487080.25,1398982.75
653,0,18,9,1,0,1,588.7943115234381,490.465637207031,3480.84741210938,0,324,5832,81,346678.75,240556.546875
654,0,18,9,1,0,1,1541.8349609375,1413.86267089844,3475.52001953125,0,324,5832,81,2377255.0,1999007.625
655,0,18,9,1,0,1,0.0,0.0,9227.0517578125,0,324,5832,81,0.0,0.0
656,1,18,9,1,0,1,0.0,3287.375,5010.341796875,0,324,5832,81,0.0,10806834.0
657,0,17,8,1,0,1,1962.33557128906,2036.79040527344,0.0,0,289,4913,64,3850761.0,4148515.25
658,0,17,8,1,0,1,0.0,0.0,7010.44384765625,0,289,4913,64,0.0,0.0
659,0,17,8,1,0,1,0.0,0.0,8993.865234375,0,289,4913,64,0.0,0.0
660,0,17,8,1,0,1,1025.08032226562,768.810180664062,3020.94775390625,0,289,4913,64,1050789.625,591069.125
661,1,17,8,1,0,1,0.0,0.0,8061.48486328125,0,289,4913,64,0.0,0.0
662,0,17,8,1,0,1,1284.86254882812,1178.21899414062,14380.1728515625,0,289,4913,64,1650871.75,1388200.0
663,0,22,9,1,0,1,0.0,0.0,12898.3798828125,0,484,10648,81,0.0,0.0
664,0,22,9,1,0,1,0.0,0.0,0.0,0,484,10648,81,0.0,0.0
665,1,22,9,1,0,1,0.0,0.0,4056.49389648438,0,484,10648,81,0.0,0.0
666,0,26,5,1,0,1,0.0,0.0,0.0,0,676,17576,25,0.0,0.0
667,1,19,9,1,0,1,0.0,798.9078979492191,17685.1796875,0,361,6859,81,0.0,638253.8125
668,0,19,9,1,0,1,1083.38122558594,902.45654296875,1914.41357421875,0,361,6859,81,1173714.875,814427.8125
669,1,19,9,1,0,1,0.0,0.0,8173.908203125,0,361,6859,81,0.0,0.0
670,0,19,9,1,0,1,0.0,0.0,5712.64306640625,0,361,6859,81,0.0,0.0
671,0,19,9,1,0,1,2881.20678710938,2642.06665039062,2652.62451171875,0,361,6859,81,8301352.5,6980516.0
672,0,19,9,1,0,1,1537.92932128906,1537.92932128906,4188.7353515625,0,361,6859,81,2365226.5,2365226.5
673,1,18,9,1,0,1,0.0,0.0,4482.84521484375,0,324,5832,81,0.0,0.0
674,0,18,9,1,0,1,0.0,0.0,0.0,0,324,5832,81,0.0,0.0
675,0,18,9,1,0,1,0.0,0.0,10740.080078125,0,324,5832,81,0.0,0.0
676,1,21,9,1,0,1,0.0,0.0,0.0,0,441,9261,81,0.0,0.0
677,0,21,9,1,0,1,591.499084472656,0.0,3343.22412109375,0,441,9261,81,349871.15625,0.0
678,1,21,9,1,0,1,6416.47021484375,5749.3310546875,743.666625976562,0,441,9261,81,41171092.0,33054808.0
679,1,20,9,1,0,1,720.3008422851559,660.515869140625,12229.6259765625,0,400,8000,81,518833.3125,436281.21875
680,0,20,9,1,0,1,0.0,0.0,5193.0888671875,0,400,8000,81,0.0,0.0
681,0,20,9,1,0,1,0.0,0.0,2035.91394042969,0,400,8000,81,0.0,0.0
682,0,23,8,1,0,1,0.0,0.0,3746.70092773438,0,529,12167,64,0.0,0.0
683,0,23,8,1,0,1,7724.283203125,3403.05590820312,0.0,0,529,12167,64,59664552.0,11580790.0
684,0,24,7,1,0,1,0.0,0.0,2193.52807617188,0,576,13824,49,0.0,0.0
685,1,18,8,1,0,1,1308.2236328125,1199.64099121094,0.0,0,324,5832,64,1711449.125,1439138.5
686,1,18,8,1,0,1,0.0,0.0,0.0,0,324,5832,64,0.0,0.0
687,0,18,8,1,0,1,0.0,0.0,1568.15002441406,0,324,5832,64,0.0,0.0
688,1,17,7,1,0,1,0.0,0.0,3023.87890625,0,289,4913,49,0.0,0.0
689,0,22,8,1,0,1,0.0,0.0,1390.5090332031198,0,484,10648,64,0.0,0.0
690,0,22,8,1,0,1,6891.69384765625,6150.5205078125,0.0,0,484,10648,64,47495444.0,37828904.0
691,1,19,8,1,0,1,0.0,2657.05688476562,9970.6806640625,0,361,6859,64,0.0,7059951.5
692,0,21,8,1,0,1,39570.6796875,6608.30419921875,3083.5810546875,0,441,9261,64,1565838720.0,43669684.0
693,0,20,8,1,0,1,0.0,0.0,3644.65502929688,0,400,8000,64,0.0,0.0
694,1,25,5,1,0,1,0.0,0.0,12187.41015625,0,625,15625,25,0.0,0.0
695,1,25,5,1,0,1,0.0,0.0,6181.8798828125,0,625,15625,25,0.0,0.0
696,0,21,7,1,0,1,33799.94921875,0.0,11011.5703125,0,441,9261,49,1142436608.0,0.0
697,1,18,6,1,0,1,0.0,0.0,0.0,0,324,5832,36,0.0,0.0
698,1,27,10,0,0,1,459.43557739257795,421.302429199219,3075.86181640625,1,729,19683,100,211081.046875,177495.734375
699,1,27,10,0,0,1,0.0,0.0,11142.8701171875,1,729,19683,100,0.0,0.0
700,0,26,11,0,0,1,1789.935546875,1491.01623535156,0.0,1,676,17576,121,3203869.25,2223129.5
701,0,20,6,1,0,1,6006.87890625,2850.61010742188,0.0,0,400,8000,36,36082596.0,8125978.0
702,1,20,9,0,0,1,12260.7802734375,5875.048828125,1358.64294433594,1,400,8000,81,150326736.0,34516200.0
703,0,20,7,0,0,1,0.0,0.0,4374.0400390625,1,400,8000,49,0.0,0.0
704,0,25,9,0,0,1,0.0,0.0,15791.1298828125,1,625,15625,81,0.0,0.0
705,0,17,10,0,0,1,0.0,0.0,8469.275390625,1,289,4913,100,0.0,0.0
706,1,21,11,0,0,1,1395.39001464844,1395.39001464844,0.0,1,441,9261,121,1947113.25,1947113.25
707,0,18,10,0,0,1,0.0,0.0,6527.9189453125,1,324,5832,100,0.0,0.0
708,1,18,10,0,0,1,2589.0419921875,2589.0419921875,0.0,1,324,5832,100,6703138.5,6703138.5
709,1,17,9,0,0,1,445.17041015625,74.3434524536133,6210.669921875,1,289,4913,81,198176.6875,5526.94873046875
710,0,19,10,0,0,1,1197.46154785156,1197.46154785156,11223.7197265625,1,361,6859,100,1433914.125,1433914.125
711,0,25,7,0,0,1,1413.1066894531198,1177.11791992188,9722.3486328125,1,625,15625,49,1996870.5,1385606.625
712,0,18,9,0,0,1,1646.51013183594,1646.51013183594,1065.67224121094,1,324,5832,81,2710995.5,2710995.5
713,1,18,9,0,0,1,1868.89111328125,1713.7731933593802,8836.5654296875,1,324,5832,81,3492754.0,2937018.5
714,0,18,9,0,0,1,2927.927734375,2684.90991210938,2978.66943359375,1,324,5832,81,8572761.0,7208741.0
715,1,22,9,0,0,1,0.0,0.0,3595.89404296875,1,484,10648,81,0.0,0.0
716,1,19,9,0,0,1,6511.1240234375,6511.1240234375,7913.3857421875,1,361,6859,81,42394736.0,42394736.0
717,0,19,9,0,0,1,0.0,0.0,3811.68310546875,1,361,6859,81,0.0,0.0
718,1,20,9,0,0,1,8740.939453125,8015.44189453125,5487.9697265625,1,400,8000,81,76404024.0,64247308.0
719,0,18,8,0,0,1,3311.802734375,2483.85205078125,11135.5341796875,1,324,5832,64,10968037.0,6169521.0
720,0,22,8,0,0,1,0.0,0.0,9920.9453125,1,484,10648,64,0.0,0.0
721,1,19,8,0,0,1,2483.85180664062,1862.88879394531,8774.623046875,1,361,6859,64,6169520.0,3470354.75
722,0,24,4,0,0,1,0.0,0.0,3880.8330078125,1,576,13824,16,0.0,0.0
